id_video,fecha_recuperacion,fecha_publicacion,reproducciones,nombre_usuario,titulo,etiquetas,url_video,url_perfil
7307013579599858950,2024-12-02 13:05:26.684988,2023-11-29,2096,medestudio,"Aqui organizo mis temas a estudiar, mis clases de inglÃ©s, otros cursos que hago y mis rutinas de gimnasio Â¿Les gustaria ver que otras apps de estudio/organizaciÃ³n uso? ",#medicine #apuntes #estudiantedemedicina ,https://www.tiktok.com/@medestudio/video/7307013579599858950,https://www.tiktok.com/@medestudio
7120309898235170053,2024-12-02 13:05:26.697410,2022-7-14,14.2K,luzestefaniariquelme,Sobre Evernote ğŸ˜ ,#evernotetips #evernotecommunity #notas #note #tips #documentacion #documentando #investigacion #research #uxwriting #journaling #writing #chile #santiago ,https://www.tiktok.com/@luzestefaniariquelme/video/7120309898235170053,https://www.tiktok.com/@luzestefaniariquelme
7115122198423113006,2024-12-02 13:05:26.709397,2022-6-30,34.4K,attorneyandy,"all my notes from high school through law school exist in Evernote, we like this ğŸ¤ğŸ¼",#evernote #evernotepartner #evernotetips @Evernote #lawschool #lawtok #attorney ,https://www.tiktok.com/@attorneyandy/video/7115122198423113006,https://www.tiktok.com/@attorneyandy
7255684024553704710,2024-12-02 13:05:26.721529,2023-7-14,7049,ginevrainhanoi,MÃ£i keooo!! ,#study #fypã‚· #fyp #studywithme #studygram #foryoupage #viral #studymotivation #onenote #googlecalendar ,https://www.tiktok.com/@ginevrainhanoi/video/7255684024553704710,https://www.tiktok.com/@ginevrainhanoi
7328535026151214341,2024-12-02 13:05:26.733620,1-26,636.1K,catalinadiazco,Â¿CÃ³mo tomar apuntes en clases siendo una persona visual y aprende mÃ¡s con colores? Este es mi mÃ©todo con OneNote âœ¨ğŸ¤ ig: @catalinadiazco ,#chile #apuntes #universidad #macbookairm2 #apple ,https://www.tiktok.com/@catalinadiazco/video/7328535026151214341,https://www.tiktok.com/@catalinadiazco
7431535859112938774,2024-12-02 13:05:26.743383,10-30,1082,nemoriesforlife,I love em sm (the app is evernote btw i love it sm pls use it its so easy to use ong),NaN,https://www.tiktok.com/@nemoriesforlife/video/7431535859112938774,https://www.tiktok.com/@nemoriesforlife
7104862971943308549,2024-12-02 13:05:26.762382,2022-6-2,19.3K,lobochapindewallstreet,Una pÃ¡gina que vale la pena ver todos los dÃ­as. ,#parati #fyp #dinero #inversion #foryoupage ,https://www.tiktok.com/@lobochapindewallstreet/video/7104862971943308549,https://www.tiktok.com/@lobochapindewallstreet
7167373731227110662,2024-12-02 13:05:26.775383,2022-11-18,2796,luzestefaniariquelme,Tomar notas a mano con la app de iPad de ,@Evernote #evernotetips #evernotecommunity #notas #note #tips #documentacion #documentando #investigacion #research #uxwriting #journaling #writing #chile #santiago ,https://www.tiktok.com/@luzestefaniariquelme/video/7167373731227110662,https://www.tiktok.com/@luzestefaniariquelme
7174824596250561835,2024-12-02 13:05:26.789383,2022-12-8,12.6K,evernote,Did you know that you can customize your lock screen Evernote widgets based on your focus mode? ğŸ“²ğŸ’š ,#ios16 #lockscreen #howdoyouevernote ,https://www.tiktok.com/@evernote/video/7174824596250561835,https://www.tiktok.com/@evernote
7164774378859679018,2024-12-02 13:05:26.800384,2022-11-11,11.4K,evernote,parent hack for when your kid comes home with new artwork every. single. day. ,#howdoyouevernote #digitize #digitalscrapbook #momlife ,https://www.tiktok.com/@evernote/video/7164774378859679018,https://www.tiktok.com/@evernote
7426463416895720710,2024-12-02 13:05:26.811383,10-16,851.1K,guiadelreprobado,Â¿No te funciona solo leer tus apuntes? Los cuestionarios son para ti! ğŸ’¯  ,#studytok #studytips #study #tipsdeestudio #estudiantes #fyp #herramientas #estudiantes #metodosdeestudio ,https://www.tiktok.com/@guiadelreprobado/video/7426463416895720710,https://www.tiktok.com/@guiadelreprobado
6880476372175785217,2024-12-02 13:05:26.822383,2020-10-6,24.6K,giorgia.calvi,Evernote Appâœ¨ richiesto da ,@mchll20 #app #ipad #notes #school ,https://www.tiktok.com/@giorgia.calvi/video/6880476372175785217,https://www.tiktok.com/@giorgia.calvi
7132335661603900714,2024-12-02 13:05:26.834384,2022-8-16,79.8K,evernote,so âœ¨productiveâœ¨ ,#productivity #todos #evernote #brandtok @hannahmhines ,https://www.tiktok.com/@evernote/video/7132335661603900714,https://www.tiktok.com/@evernote
7122775176546192641,2024-12-02 13:05:26.846109,2022-7-21,17.5K,brightculturesg,Best free note-keeping tool! ğŸ«¶ğŸ» ,#tiktoksg #sgtiktok #studygram #studyhacks #freetool #studentlife ,https://www.tiktok.com/@brightculturesg/video/7122775176546192641,https://www.tiktok.com/@brightculturesg
7136691559512280325,2024-12-02 13:05:26.857114,2022-8-27,16.5K,meditipss_,Respuesta a ,@Jenny ğŸ¥°ğŸ¥°âœ¨ ,https://www.tiktok.com/@meditipss_/video/7136691559512280325,https://www.tiktok.com/@meditipss_
7095902931643403563,2024-12-02 13:05:26.867936,2022-5-9,3491,evernote,"Disorganization? Never heard of her! With Evernote, you've got everything you need to become a meetings mastermind right at your fingertips. Keep your notes, calendar, attachments, and to-do list together in one easy-to-use app that syncs seamlessly across all your devices. Meeting accomplished! ",#evernote #productivity #organization #fyp #techtok #worktok #productivitytok ,https://www.tiktok.com/@evernote/video/7095902931643403563,https://www.tiktok.com/@evernote
7424683600915778822,2024-12-02 13:05:26.878936,10-11,332.5K,studygram_dig, ,#examenes #studytok #studygram #notes #ia #apuntesbonitos #notes ,https://www.tiktok.com/@studygram_dig/video/7424683600915778822,https://www.tiktok.com/@studygram_dig
6966792252156873989,2024-12-02 13:05:26.890953,2021-5-26,40.4K,unitipsmx,3 apps que te ayudarÃ¡n a estudiar ğŸ“š ,#app #apps #evernote #apuntesenlinea #zoomscuela #examen #examendeadmision #tips #unitips ,https://www.tiktok.com/@unitipsmx/video/6966792252156873989,https://www.tiktok.com/@unitipsmx
7014222994037837061,2024-12-02 13:05:26.901938,2021-10-1,615,mamabird.mx,Una de mis apps favoritas de productividadâ€¦ EVERNOTE ,#productivity #godinez #workingmom #productivityhack ,https://www.tiktok.com/@mamabird.mx/video/7014222994037837061,https://www.tiktok.com/@mamabird.mx
6959630993124904198,2024-12-02 13:05:26.912936,2021-5-7,100.7K,juanotalo, ,#universidad #colegio #clasesvirtuales #estudiantes #aprendeentiktok ,https://www.tiktok.com/@juanotalo/video/6959630993124904198,https://www.tiktok.com/@juanotalo
7343078023824018693,2024-12-02 13:05:26.924955,3-5,18.3K,daygz8,Replying to ,@Anajency M. #fy #fyp #goodnotes #notes #notes #school #student #universidad #goodnotes6 #apuntesbonitos ,https://www.tiktok.com/@daygz8/video/7343078023824018693,https://www.tiktok.com/@daygz8
7201311591944539397,2024-12-02 13:05:26.937201,2023-2-17,24.3K,dannomp11,Las 3 mejores apps de notas en IPadğŸ‘ŒğŸ“ ,#apple #notas #ipad #ipadair5 #goodnotes #evernote #ipadpro #tecnologia #foryou ,https://www.tiktok.com/@dannomp11/video/7201311591944539397,https://www.tiktok.com/@dannomp11
6832167259226557702,2024-12-02 13:05:26.948838,2020-5-29,30.4K,giorgia.calvi,NotesğŸŒ¸ ,#onenote #evernote #apps #notes @girl_gamer_2009 @martina_parisi09 ,https://www.tiktok.com/@giorgia.calvi/video/6832167259226557702,https://www.tiktok.com/@giorgia.calvi
7437317655201140023,2024-12-02 13:05:26.959838,11-14,2486,coloring.funs,Coloring Evernote Logo ,#coloring #evernote #logo #satisfying ,https://www.tiktok.com/@coloring.funs/video/7437317655201140023,https://www.tiktok.com/@coloring.funs
7102831426575273221,2024-12-02 13:05:26.970839,2022-5-28,52.3K,kamuicosplay,Ad | Do you also get easily distracted? ğŸ˜¬ ,@Evernote #evernote #cosplaystruggles #cosplaylife #author #writing #organizing ,https://www.tiktok.com/@kamuicosplay/video/7102831426575273221,https://www.tiktok.com/@kamuicosplay
7173765665441107246,2024-12-02 13:05:26.982001,2022-12-5,68K,evernote,happy let's âœ¨circle back after the holidaysâœ¨ season ,#corporatelife #holiday #holidaycountdown ,https://www.tiktok.com/@evernote/video/7173765665441107246,https://www.tiktok.com/@evernote
7055827908706733359,2024-12-02 13:05:26.993155,2022-1-21,1139,imtiffanyyu,Iâ€™m getting organized with Evernote so that I can have more time to play #,NewYearNewMe  EvernotePartner  DoMoreWithEvernote  Ad ,https://www.tiktok.com/@imtiffanyyu/video/7055827908706733359,https://www.tiktok.com/@imtiffanyyu
7318080138875391238,2024-12-02 13:05:27.004152,2023-12-29,59.6K,albaricoque.estudio,Recorrido express por la Agenda Digital 2024. ,#emprendimiento #agendadigital #digitalplanner #goodnotes #ipadorganization #goodnotesplanner ,https://www.tiktok.com/@albaricoque.estudio/video/7318080138875391238,https://www.tiktok.com/@albaricoque.estudio
6880846884928343297,2024-12-02 13:05:27.014157,2020-10-7,96.1K,giorgia.calvi,Lettering con Evernoteâœ¨ ,#lettering #app #ipad #notes ,https://www.tiktok.com/@giorgia.calvi/video/6880846884928343297,https://www.tiktok.com/@giorgia.calvi
7153587789328600326,2024-12-02 13:05:27.026174,2022-10-12,8410,yerlan_talgatuly,ĞšĞ°ĞºĞ¸Ğ¼ Ğ¿Ñ€Ğ¸Ğ»Ğ¾Ğ¶ĞµĞ½Ğ¸ĞµĞ¼ Ğ´Ğ»Ñ Ğ·Ğ°Ğ¼ĞµÑ‚Ğ¾Ğº Ğ²Ñ‹ Ğ¿Ğ¾Ğ»ÑŒĞ·ÑƒĞµÑ‚ĞµÑÑŒ? ,#Ğ°ÑÑ‚Ğ°Ğ½Ğ° #Ñ€ĞµĞºĞ¾Ğ¼ĞµĞ½Ğ´Ğ°Ñ†Ğ¸Ğ¸ #Ğ»Ğ°Ğ¹Ñ„Ñ…Ğ°Ğº #notion #evernote ,https://www.tiktok.com/@yerlan_talgatuly/video/7153587789328600326,https://www.tiktok.com/@yerlan_talgatuly
6999222442753395969,2024-12-02 13:05:27.037156,2021-8-22,28.5K,tukulfou,ĞšĞ°ĞºĞ¾Ğµ ÑĞ¾Ñ‡ĞµÑ‚Ğ°Ğ½Ğ¸Ğµ Ğ¿Ñ€Ğ¸Ğ»Ğ¾Ğ¶ĞµĞ½Ğ¸Ğ¹ Ğ´Ğ»Ñ Ğ¿Ğ»Ğ°Ğ½Ğ¸Ñ€Ğ¾Ğ²Ğ°Ğ½Ğ¸Ñ Ğ¾Ğ¿Ñ‚Ğ¸Ğ¼Ğ°Ğ»ÑŒĞ½Ğ¾ Ğ´Ğ»Ñ Ğ²Ğ°Ñ? ĞŸĞ¸ÑˆĞ¸Ñ‚Ğµ Ğ² ĞºĞ¾Ğ¼Ğ¼ĞµĞ½Ñ‚Ğ°Ñ€Ğ¸ÑÑ… ğŸ’¬ ,#notion #Ğ¿Ğ»Ğ°Ğ½Ğ¸Ñ€Ğ¾Ğ²Ğ°Ğ½Ğ¸Ğµ #evernote #trello #ticktick ,https://www.tiktok.com/@tukulfou/video/6999222442753395969,https://www.tiktok.com/@tukulfou
7268474922329148677,2024-12-02 13:05:27.048136,2023-8-17,71.5K,sarahgalo4,Buenas noches hoy me reporto desde turnito noche en urgencias (coleccionando ojeras) pero primero les traigo este sÃºper vÃ­deo que honestamente esto me ha FACILITADO la vida porque ajÃ¡ en el rural y en urgencias todo es cuestiÃ³n de agilidad.  â­ï¸AdemÃ¡s soy re pinky y amo las notas con colores ğŸ¤·ğŸ»â€â™€ï¸. ,#medicina #medtiktok #medstudent #tipsmedicos #hospitallife #serviciosocialmedicina #fyp #viral ,https://www.tiktok.com/@sarahgalo4/video/7268474922329148677,https://www.tiktok.com/@sarahgalo4
7187862504167591210,2024-12-02 13:05:27.060137,2023-1-12,15.3K,evernote,"when life gets sticky, we gotchu  ",#evernote #lifeorganization #copingskills ,https://www.tiktok.com/@evernote/video/7187862504167591210,https://www.tiktok.com/@evernote
7435737962865757473,2024-12-02 13:05:27.072138,11-10,314.4K,missplanstudygram,Probando nueva app de apuntes digitales âœğŸ¼ğŸ’» freenotes  ,#freenotes #studygramespaÃ±a #vidadeestudiante #apuntesbonitos #apuntesaesthetic #notasdigitales #ipadtok #tipografias #vidadeestudiante #apuntesbonitos #apuntesaesthetic #notasdigitales @Freenotes ,https://www.tiktok.com/@missplanstudygram/video/7435737962865757473,https://www.tiktok.com/@missplanstudygram
7144831850874260741,2024-12-02 13:05:27.084139,2022-9-18,205.5K,nephielivres,Logiciel : Evernote ğŸ¤ ,#booktok #booktokfrance #prisedenotes #notion #evernote ,https://www.tiktok.com/@nephielivres/video/7144831850874260741,https://www.tiktok.com/@nephielivres
7184553590084603179,2024-12-02 13:05:27.094316,2023-1-3,98.3K,evernote,just go ahead and add it to the pile of notebooks that shall never be written inâ„¢ now ğŸ“š ,#evernote #digitalplanner #newyear ,https://www.tiktok.com/@evernote/video/7184553590084603179,https://www.tiktok.com/@evernote
6936358571860888838,2024-12-02 13:05:27.106472,2021-3-5,722.9K,attorneyandy,this saves me so much time itâ€™s ridiculous ,#lawstudent #law #dictation #studytip #studyhack #studentproblems #gradschool #homework #prelaw #student ,https://www.tiktok.com/@attorneyandy/video/6936358571860888838,https://www.tiktok.com/@attorneyandy
7432216331857972485,2024-12-02 13:05:27.117014,11-1,220,swifties8191,Evernote  ,#fyp #swiftie ,https://www.tiktok.com/@swifties8191/video/7432216331857972485,https://www.tiktok.com/@swifties8191
7283536631758359814,2024-12-02 13:05:27.128401,2023-9-27,26.9K,elemednotes,"Estudiar de manera activa utilizando REMNOTE?  AquÃ­ les dejo un mini tutorial de cÃ³mo utilizo remnote y como hago mis flash cards de mis propios apuntes en remnote, si tienen alguna duda dÃ©jenmela en los comentarios, espero les sirva mucho. âœ¨ğŸ“š ",@RemNote - Notes & Flashcards #remnote #activerecall #estudioactivo #medstudent #fyp #medicina #medicine #studywithme #remnote ,https://www.tiktok.com/@elemednotes/video/7283536631758359814,https://www.tiktok.com/@elemednotes
7072227585131957531,2024-12-02 13:05:27.140390,2022-3-6,30.9K,hocvienngoaigiao.dav,CÃ¡c báº¡n Ä‘Ã£ biáº¿t Ä‘áº¿n nhá»¯ng á»©ng dá»¥ng nÃ y chÆ°a? ,#learnontiktok #dav #hocvienngoaigiao #xuhuong #fyp #dararichallenge #onenote #evernote #notion ,https://www.tiktok.com/@hocvienngoaigiao.dav/video/7072227585131957531,https://www.tiktok.com/@hocvienngoaigiao.dav
7299216581412818181,2024-12-02 13:05:27.153061,2023-11-8,3266,_manualdoescritor,"Precisando de um app pra escrever? âœğŸ»  ğŸ“² O Evernote Ã© considerado o aplicativo queridinho dos escritores e a versÃ£o gratuita jÃ¡ possui recursos Ã³timos para comeÃ§ar o seu livro. ğŸ©µ DisponÃ­vel para Android, iOS e web, o aplicativo possui versÃµes pagas com diversos recursos de ediÃ§Ã£o e armazenamento, com valores a partir de R$29,90 por mÃªs ou R$265,00 por ano. ğŸ‘‰ğŸ» Acesse o site oficial da @â€Œevernote para conferir todos os detalhes do editor e salve esse post para consultar depois! NÃ£o Ã© publi!  ",#manualdoescritor #dicasdeescrita #escritor #escritacriativa #bestseller #escritorabestseller #escritorindependente #motivation #motivaÃ§Ã£o #motivacional ,https://www.tiktok.com/@_manualdoescritor/video/7299216581412818181,https://www.tiktok.com/@_manualdoescritor
7439365612310252855,2024-12-02 13:05:27.164525,11-20,495,khotha54,NaN,NaN,https://www.tiktok.com/@khotha54/video/7439365612310252855,https://www.tiktok.com/@khotha54
7307092484822224134,2024-12-02 13:05:27.175845,2023-11-29,46.2K,indalialbarran,"Organiza bien tus notas ğŸ“ o apuntes de tu clase ğŸ‘¨â€ğŸ«, curso o trabajo, aprovechando de este programa dentro de ",#office360 #OneNote #herramientasprofesionales #herramientasdetrabajo #organizacion #apuntes ,https://www.tiktok.com/@indalialbarran/video/7307092484822224134,https://www.tiktok.com/@indalialbarran
6961569477699980549,2024-12-02 13:05:27.185321,2021-5-12,4624,study.sm,Nueva App Transparent Note,NaN,https://www.tiktok.com/@study.sm/video/6961569477699980549,https://www.tiktok.com/@study.sm
7341138596763651333,2024-12-02 13:05:27.195555,2-29,2.2M,martialiste,muchas me preguntaron asi que prefiero mostrarloğŸ˜ quedo larguisimo lo sientoo ,#universidades #longervideos ,https://www.tiktok.com/@martialiste/video/7341138596763651333,https://www.tiktok.com/@martialiste
7201784909310987526,2024-12-02 13:05:27.205555,2023-2-19,689,ever_not3, ,#future #magic ,https://www.tiktok.com/@ever_not3/video/7201784909310987526,https://www.tiktok.com/@ever_not3
7318402750029614337,2024-12-02 13:05:27.217926,2023-12-30,245.6K,football_base8,Premier League Evernote Ã— Manchester City ,#premierleague #soccer #football #manchestercity #pep #guardiola #evernote #ã‚µãƒƒã‚«ãƒ¼ #ãƒ•ãƒƒãƒˆãƒœãƒ¼ãƒ« #ãƒãƒ³ãƒã‚§ã‚¹ã‚¿ãƒ¼ã‚·ãƒ†ã‚£ #ãƒšãƒƒãƒ— #ã‚°ã‚¢ãƒ«ãƒ‡ã‚£ã‚ªãƒ© #ã‚µãƒƒã‚«ãƒ¼æˆ¦è¡“ #ãƒ•ã‚©ãƒ¼ãƒ‡ãƒ³ ,https://www.tiktok.com/@football_base8/video/7318402750029614337,https://www.tiktok.com/@football_base8
7429159572302105862,2024-12-02 13:05:27.229608,10-23,6014,itsbrianstudy,Digital notes ğŸ“ Con FREENOTES puedes crear apuntes digitales sÃºper fÃ¡cil y rÃ¡pido! Sus herramientas son muy sencillas pero valen muchÃ­simo la pena â­ï¸ Lo mejor es que es compatible para iOS & Android! AsÃ­ que descarga la app y empieza a crear los apuntes mÃ¡s bonitos de todos! ğŸ“š ,#freenotes #apuntesdigitales ,https://www.tiktok.com/@itsbrianstudy/video/7429159572302105862,https://www.tiktok.com/@itsbrianstudy
7321399167299931398,2024-12-02 13:05:27.241595,1-7,13K,digitalbymiranda_,les muestro como organizo y planeo mi tiempo ğŸ•£ğŸ’—ğŸ—“ï¸ ,@Goodnotes App #organizacion #tiempo #planificacion #tablet #planner #plannerdigital #aesthetic #fyp #organization #timemanagement #orden #calendario #agenda #goodnotes #ipad ,https://www.tiktok.com/@digitalbymiranda_/video/7321399167299931398,https://www.tiktok.com/@digitalbymiranda_
6932868570913312006,2024-12-02 13:05:27.254595,2021-2-24,37.6K,giorgia.calvi,Rispondi a ,@video_aestetich1 #notes #ipad #tips ,https://www.tiktok.com/@giorgia.calvi/video/6932868570913312006,https://www.tiktok.com/@giorgia.calvi
7353817787845889285,2024-12-02 13:05:27.265595,4-3,85K,by.dreamlike,Replying to ,@enchantressman #goodnotes #goodnotes5 #goodnotes6 #onenote #ipad #ipadtips #ipadtok ,https://www.tiktok.com/@by.dreamlike/video/7353817787845889285,https://www.tiktok.com/@by.dreamlike
7086442160945515778,2024-12-02 13:05:27.277324,2022-4-14,4980,career_akio,Evernoteã¯ã‚ˆãä½¿ã„ã¾ã™ã‚ˆã­ï¼,#ç¤¾ä¼šäºº1å¹´ç›® #ç¤¾ä¼šäºº2å¹´ç›® #æ–°å…¥ç¤¾å“¡ #æ–°ç¤¾ä¼šäºº ,https://www.tiktok.com/@career_akio/video/7086442160945515778,https://www.tiktok.com/@career_akio
7201440308695928070,2024-12-02 13:05:27.288326,2023-2-18,492.6K,smartyplans.shop,Replying to ,@Smarty Plans @Samsung EspaÃ±a @Samsung #androidapps #tutorial #android #samsung #samsungapps #samsungtab #s6lite #samsungs6lite #onenote #fyp ,https://www.tiktok.com/@smartyplans.shop/video/7201440308695928070,https://www.tiktok.com/@smartyplans.shop
7166730548742851846,2024-12-02 13:05:27.300075,2022-11-16,202.3K,smartyplans.shop,Por fin! Tutorial de Goodnotes (parte 1) al dinal de la semana podreis ver la parte 2! ,#goodnotes5 #goodnotestutorial #ipadmini #tutorial #digitalplanning #digitalplanner #digitalplanning #planneraddict #goodnotesplanner #pink ,https://www.tiktok.com/@smartyplans.shop/video/7166730548742851846,https://www.tiktok.com/@smartyplans.shop
7313303249010855173,2024-12-02 13:05:27.312064,2023-12-16,39.3K,applee_loverr,IA en Goodnotes6 ğŸ¤–ğŸ˜³ ,#goodnotes6 #goodnotes #IA #inteligenciaartificial #ecosistemaapple #ipadlovers #IA #paratii #foryou ,https://www.tiktok.com/@applee_loverr/video/7313303249010855173,https://www.tiktok.com/@applee_loverr
7306823836262059282,2024-12-02 13:05:27.323894,2023-11-29,724,shimajiro_apple,. Appleè£½å“ã‚’ä½¿ã„ã“ãªãã†ï¼ ã‚’ãƒ†ãƒ¼ãƒã«ä¾¿åˆ©ãªæƒ…å ±ã€ãƒˆãƒ©ãƒ–ãƒ«ã«ãŠå›°ã‚Šãªè§£æ±ºç­–ã‚’ ç™ºä¿¡ã—ã¦ã„ã¾ã™ï¼ . ä»Šå›ã¯Macã§ã“ã‚“ãªã‚ªã‚¹ï¿½ã‚¹ãƒ¡App çŸ¥ã£ã¦ã¾ã™ã‹ï¼Ÿã‚’ç™ºä¿¡ã—ã¦ã„ã¾ã™ã€‚ . Macã‚’æœ€å¤§é™ã«åŠ¹ç‡ã‚ˆãä½¿ã†ãŸã‚ã«ã¯ ä¾¿åˆ©ãªAppã‚‚å…¥ã‚Œã¦ã„ã“ã†ï¼ . æ˜¯éæ´»ç”¨ã—ã¦ã¿ã¦ã­ãƒ¼ï¼ . @Shimajiro_Apple  ,#macãƒ¦ãƒ¼ã‚¶ãƒ¼ #macos #ã‚ªã‚¹ã‚¹ãƒ¡app #clipy #evernote #skitch #macã‚ªã‚¹ã‚¹ãƒ¡ #macåŠ¹ç‡åŒ– #ä¾¿åˆ©ã«ä½¿ã† #ãƒ•ãƒªãƒ¼ãƒ©ãƒ³ã‚¹ #appleä¿¡è€… ,https://www.tiktok.com/@shimajiro_apple/video/7306823836262059282,https://www.tiktok.com/@shimajiro_apple
7417019797885422855,2024-12-02 13:05:27.335879,9-21,866,y5zllx00,ã‚„ã£ã¦ã¿ãŸã‹ã£ãŸã ã‘,#Food #evernote #Food #hello #Food #Food ,https://www.tiktok.com/@y5zllx00/video/7417019797885422855,https://www.tiktok.com/@y5zllx00
7280838483743231238,2024-12-02 13:05:27.346877,2023-9-20,5215,riseofmydesire,name of game (Evermore) ğŸ™‚ ,#CapCut #evermore #fyp #game #visualnovel #sakura #trend ,https://www.tiktok.com/@riseofmydesire/video/7280838483743231238,https://www.tiktok.com/@riseofmydesire
7142636195095252229,2024-12-02 13:05:27.357780,2022-9-12,9096,dmferrdesign,O dia em que fiz um novo logo para ,@Evernote #logo #recriandologo #evernote #designgraficobrasil ,https://www.tiktok.com/@dmferrdesign/video/7142636195095252229,https://www.tiktok.com/@dmferrdesign
7350243852462132498,2024-12-02 13:05:27.368090,3-25,685,kawauso_4722,ã“ã‚Œã£ã¦ä¸Šæ‰‹ã„ã®ï¼Ÿ ,#ã‚¨ãƒ¢ãƒ¼ãƒˆãƒ€ãƒƒã‚·ãƒ¥ #ãƒ­ãƒ–ãƒ­ãƒƒã‚¯ã‚¹ #evernote ,https://www.tiktok.com/@kawauso_4722/video/7350243852462132498,https://www.tiktok.com/@kawauso_4722
7443601972197985592,2024-12-02 13:05:27.379089,Hace 18 h,852,fannycc_,como hacer presentaciones bonitas en PowerPoint? mil tutoriales despuÃ©s lo logrÃ© ğŸ’» ,#maestria #cienciaenmexico #laboratorio #stem #stemgirls #womeninstem #creatorsearchinsights #cienciasmedicas #graduacion ,https://www.tiktok.com/@fannycc_/video/7443601972197985592,https://www.tiktok.com/@fannycc_
7343408892434451718,2024-12-02 13:05:27.390091,3-6,6146,knotion_,ğŸ‰ Â¡La emociÃ³n estÃ¡ en su punto mÃ¡ximo en InterÂ·Knotion 2024! ğŸ€âš½ Nuestros jugadores no pueden contener las ganas de empezar la jornada deportiva llena de diversiÃ³n y compaÃ±erismo. ğŸ¥³ Comenta con un ğŸ‰ si tu tambiÃ©n estÃ¡s emocionado por el comienzo de InterÂ·Knotion. ,#interknotion2024 #fyp ,https://www.tiktok.com/@knotion_/video/7343408892434451718,https://www.tiktok.com/@knotion_
6964562661270899973,2024-12-02 13:05:27.400800,2021-5-20,1.9M,aziel.medinaa,Responder a ,@gerardo.hidal #ingenieria #ingeAz #ingeniera #lettering #apuntes #ipad #escuela #tips #escuelatiktok ,https://www.tiktok.com/@aziel.medinaa/video/6964562661270899973,https://www.tiktok.com/@aziel.medinaa
6964360550910283013,2024-12-02 13:05:27.412808,2021-5-20,238.8K,yosoypollito23,Responder a ,@mayerlivc ,https://www.tiktok.com/@yosoypollito23/video/6964360550910283013,https://www.tiktok.com/@yosoypollito23
7125255057192373509,2024-12-02 13:05:27.423775,2022-7-27,3.7M,carlavilesh,Las apps que uso para mis apuntes digitales ğŸ“ ,#studytok #apuntesdigitales #studyhacks #fyp ,https://www.tiktok.com/@carlavilesh/video/7125255057192373509,https://www.tiktok.com/@carlavilesh
7286472700799749381,2024-12-02 13:05:27.434138,2023-10-5,45.7K,coffeethenart,Best productivity apps ,#productivity #profuctivityapp #coffeethenart ,https://www.tiktok.com/@coffeethenart/video/7286472700799749381,https://www.tiktok.com/@coffeethenart
6965103477227883782,2024-12-02 13:05:27.444125,2021-5-22,409.3K,yosoypollito23,Responder a ,@isaisupg ,https://www.tiktok.com/@yosoypollito23/video/6965103477227883782,https://www.tiktok.com/@yosoypollito23
7133719414720990470,2024-12-02 13:05:27.455141,2022-8-19,0,alejandracasasss,@la famosa alecasas,#onenote #viral #fyp #apuntesdigitales #universidad #foryoupage #paratipage #alejandracasas ,https://www.tiktok.com/@alejandracasasss/video/7133719414720990470,https://www.tiktok.com/@alejandracasasss
7114805920101584133,2024-12-02 13:05:27.467363,2022-6-29,0,hec_moore,Ya que muchos me preguntaron ğŸ‘€ ,#fyp #ingenieria #apuntes #goodnotes #ipad #parati #ingenieriamecatronica #apuntesdigitales ,https://www.tiktok.com/@hec_moore/video/7114805920101584133,https://www.tiktok.com/@hec_moore
7409488077338463494,2024-12-02 13:05:27.477364,8-31,0,evernote17,   ğŸ§¸,#CapCut ,https://www.tiktok.com/@evernote17/video/7409488077338463494,https://www.tiktok.com/@evernote17
7256040633960287493,2024-12-02 13:05:27.488363,2023-7-15,0,kpeach_hu,Replying to ,@kpeach_hu #mininotes #ibispaint #foryoupage #fyp #ã‚¢ãƒ¼ãƒˆ ,https://www.tiktok.com/@kpeach_hu/video/7256040633960287493,https://www.tiktok.com/@kpeach_hu
6993501850238602501,2024-12-02 13:05:27.500362,2021-8-6,0,4evernotes,Responder a ,@karlitaqs #fypã‚·ã‚š #studygram #stationery #carpetasdecoradas #virtualclass #backtoschool #studytok ,https://www.tiktok.com/@4evernotes/video/6993501850238602501,https://www.tiktok.com/@4evernotes
7397490558622551302,2024-12-02 13:05:27.510604,7-30,0,catsgam3r,"Solo recuerdos, que vienen y van  ",#fypã‚· #fyp #paratii #paratiiiiiiiiiiiiiiiiiiiiiiiiiiiiiii #notion ,https://www.tiktok.com/@catsgam3r/video/7397490558622551302,https://www.tiktok.com/@catsgam3r
7203480099998551339,2024-12-02 13:05:27.522378,2023-2-23,0,jessicaleejessie, ,#notesapp #embarrassing #genzhumor #grocerylist ,https://www.tiktok.com/@jessicaleejessie/video/7203480099998551339,https://www.tiktok.com/@jessicaleejessie
7361502197789510918,2024-12-02 13:05:27.533379,4-24,0,knotion_,"Ser un alumno Knotion ğŸ’™ es un viaje lleno de descubrimientos, amistades y aprendizajes que han transformado su vida âœ¨. Â¿Listos para descubrir la magia de Knotion? ğŸª„ğŸ¤©",NaN,https://www.tiktok.com/@knotion_/video/7361502197789510918,https://www.tiktok.com/@knotion_
7443586138444549431,2024-12-02 13:05:27.546377,Hace 19 h,0,andrea_whynot,Replying to ,@vand #stickers #epsonecotank #epsonprinter #impresoraepson #emprendimiento #emprendedora #ilustraciondigital #ilustraciÃ³n #ilustradora #diseÃ±ografico #artesgraficas #stickershopowner #mujeresemprendedoras #tiktoksmallbusiness #hechoconamor #cricutcreations ,https://www.tiktok.com/@andrea_whynot/video/7443586138444549431,https://www.tiktok.com/@andrea_whynot
7325170010417073413,2024-12-02 13:05:27.566375,1-17,1449,dra.sabanerito,La mejor herramienta para memorizar con preguntas con Ankiapp flashcards. ,#anki #study #memorizar #tips #medicina #help #flashcards #tecnicasdeestudio ,https://www.tiktok.com/@dra.sabanerito/video/7325170010417073413,https://www.tiktok.com/@dra.sabanerito
7361417567560273185,2024-12-02 13:05:27.640889,4-24,34K,tu.daily.notion,Respuesta a ,@mrcrarcos #PlantillaNotion #NotionApp #NotionEnEspaÃ±ol #Notion #AprendeNotion ,https://www.tiktok.com/@tu.daily.notion/video/7361417567560273185,https://www.tiktok.com/@tu.daily.notion
7319994632010583302,2024-12-02 13:05:27.651890,1-3,37.1K,reginaazegarra,ğŸ«£ ,#goodnotes #goodnotesplanner #plannerdigital #digitalplanning #parati ,https://www.tiktok.com/@reginaazegarra/video/7319994632010583302,https://www.tiktok.com/@reginaazegarra
7426923464650493189,2024-12-02 13:05:27.665886,10-17,61.2K,micheldiaz124,Apuntes impresosğŸ’—âœ¨ï¸ğŸ«¶,#apppenly #gamadecolores #tabletparauni #study #paratii #fouryou #universidad #studytok #apuntesdigitales #apuntesbonitos #apuntesimpresos #apuntes #estudio #ideas #keniaos #estudiantes #derecho #samsungtabs6lite #penlytutorial #viraltiktok #todoelmundoğŸŒ ,https://www.tiktok.com/@micheldiaz124/video/7426923464650493189,https://www.tiktok.com/@micheldiaz124
7327106475350953221,2024-12-02 13:05:27.678890,1-22,185.3K,plannereli,EncontrÃ© la mejor APP para usar agendas en AndroidğŸ¤© Puedes conseguir la agenda en el link de mi bio o por InstagramğŸ¥°  La app se llama touchnotes âœ¨ y la agenda es â€œmy life plannerâ€ de PLANNERELIğŸ¤ ,#2024 #pinterestgirl #coquette #aesthetic #planner #digitalplanner #planner2024 #tablet #digitalnotes #lifestyle #app ,https://www.tiktok.com/@plannereli/video/7327106475350953221,https://www.tiktok.com/@plannereli
7432422898821844230,2024-12-02 13:05:27.690891,11-1,816.5K,mr.aifo,"La herramienta se llama NotebookLM de Google, es el futuro de cÃ³mo estudiar y es sÃºper fÃ¡cil de utilizar ğŸ™ŒğŸ½ PASOS: - Ir a notebooklm google  - Cargar el o los pdfs que quieras estudiar  - La herramienta se encarga de resumir, explicar, hacerle preguntas e incluso te crea un podcast para que puedas estudiar  LO MEJOR ES QUE ES GRATIS ğŸ˜ ",#gemini #inteligenciaartificial #mraifo #googleworkspace #googledocs #google #ia #ai #artificialintelligence ,https://www.tiktok.com/@mr.aifo/video/7432422898821844230,https://www.tiktok.com/@mr.aifo
7387043340283284741,2024-12-02 13:05:27.703893,7-2,897,elgarouw, ,#frasesparadedicar #edit #atardecer #amigos #notion ,https://www.tiktok.com/@elgarouw/video/7387043340283284741,https://www.tiktok.com/@elgarouw
6998303514569084165,2024-12-02 13:05:27.713889,2021-8-19,847.7K,plannereli,Responder a ,@arantxa0406 #viral #parati #foryoupage #ipad #macbook #hack #student #apple #learn ,https://www.tiktok.com/@plannereli/video/6998303514569084165,https://www.tiktok.com/@plannereli
6846037281103547654,2024-12-02 13:05:27.725887,2020-7-5,7M,mendayuan,I have bags more of tightly handwritten notes ğŸ“ ,#challenge #fyp #foryou #foryoupage #fy #university #universitylife #college #notes #obsessed ,https://www.tiktok.com/@mendayuan/video/6846037281103547654,https://www.tiktok.com/@mendayuan
7416676086924299552,2024-12-02 13:05:27.763887,9-20,4497,notisace,mejora tu productividad con esta plantilla de notion! âœ¨ el aÃ±o pasado decidÃ­ darle una oportunidad a Notion y cambiÃ³ mi vida completamente! â˜ï¸ es por eso que diseÃ±Ã© esta plantilla para que puedas organizar tus estudios y ser la mejor version de ti mismo ğŸ’ªğŸ¼ puedes conseguirla siguiendo los pasos de mi bio o en el siguiente link: ğŸ”— notisace.gumroad.com ,#plantillanotion #notion #estudiante #estudiar #estudio #universidad #productividad ,https://www.tiktok.com/@notisace/video/7416676086924299552,https://www.tiktok.com/@notisace
7403149608064453893,2024-12-02 13:05:27.775885,8-14,6081,todoinorden,Lo que tienes que saber de las grÃ¡ficas en Notion ğŸ“Šâœ¨ ,#notion #plantilla #notionespaÃ±ol #tutorial ,https://www.tiktok.com/@todoinorden/video/7403149608064453893,https://www.tiktok.com/@todoinorden
7435723497940192544,2024-12-02 13:05:27.787889,11-10,1.9M,aprendeconmigo01,Llevo toda la vida en la uni y me entero de esto en mi ultimo aÃ±oâ€¦ ,#uni #university #universidad #ia #aplicacion #estudiantes #estudiante #study #studytok ,https://www.tiktok.com/@aprendeconmigo01/video/7435723497940192544,https://www.tiktok.com/@aprendeconmigo01
7363038339353627937,2024-12-02 13:05:27.804887,4-28,8040,lauriussanchez, ,#flashcards #essay #hesseai #chatgpt #estudiante #student #inteligencia #artificial #ai #ia #appia #worksmarternotharder #trabajos #buenasnotas #tip #master #grado #clases #eso #bachillerato #evau2024 #tfg #tfm #tesisdemaestria #tserastour #ttpd #finalchampionsleague #resumenes #trabajo #work #universidad #uni #futuro #amnistÃ­a #espaÃ±a #record ,https://www.tiktok.com/@lauriussanchez/video/7363038339353627937,https://www.tiktok.com/@lauriussanchez
7100216426710977797,2024-12-02 13:05:27.818892,2022-5-21,8330,paulg801,The Rare Occasions - Notion,#âœŒï¸â¤ï¸ #ypfãƒƒ #tumblr #ğŸ–¤ğŸ¥€ #notio #therareoccasions #edit ,https://www.tiktok.com/@paulg801/video/7100216426710977797,https://www.tiktok.com/@paulg801
7333284422994742561,2024-12-02 13:05:27.831891,2-8,10.2M,happydownloads,iPad note taking ğŸ¤¯ğŸ’• my digital notebook & iPad accessories ğŸ”— in my b!o âœ¨ ,#ipad #ipadnotes #ipadnotetaking #ipadtok #applepencil #digitalnotes #digitalnotetaking #ipadtips #digitalplanner #digitalplanning #ipadplanner #notetaking #studynotes #studynotesideas #aestheticnotes #ipadpro ,https://www.tiktok.com/@happydownloads/video/7333284422994742561,https://www.tiktok.com/@happydownloads
7397564852534824200,2024-12-02 13:05:27.844981,7-30,2600,doomerbassist,Frim doomer to bloomer Notion-Bass cover ,#bassguitar #bassist #notion ,https://www.tiktok.com/@doomerbassist/video/7397564852534824200,https://www.tiktok.com/@doomerbassist
7443849387836525880,2024-12-02 13:05:27.854982,Hace 2 h,260,happymktblog,El perfeccionismo o no tener las mejores herramientas muchas veces nos pueden detener de publicar o crear contenido.  En mi experiencia si bien hay que hacer las cosas lo mejor posible desde el dÃ­a 1 tambiÃ©n es un tema de tiempo y compasiÃ³n con nosotros mismos. Crear contenido tiene una carga emocional fuerte ya que hay que romper muchos miedos y debemos entender que es un camino de un escalÃ³n a la vez.  No importa si no tienes todas las herramientas hoy tienes la mÃ¡s importante que es tu ğŸ§ . ,#contentcreator #creatortips ,https://www.tiktok.com/@happymktblog/video/7443849387836525880,https://www.tiktok.com/@happymktblog
7083869174283504901,2024-12-02 13:05:27.865984,2022-4-7,292.3K,glucosa.estudiosa,Reply to ,@thisismydyare #goodnotes #apuntesdigitales #studytok @goodnotesapp ,https://www.tiktok.com/@glucosa.estudiosa/video/7083869174283504901,https://www.tiktok.com/@glucosa.estudiosa
7401715211817815301,2024-12-02 13:05:27.878995,8-10,83.1K,plannereli,La mejor app para notas digitales ğŸ˜®â€ğŸ’¨ğŸ©·â­ï¸ ,@CollaNote App #collanote #collanotetakingapp #notes #takingnotes #ipad #planner #aesthetic #agenda #planneraddict #ipadpro #digitalnotes #lifestudent #study #studytok #student #studywithme ,https://www.tiktok.com/@plannereli/video/7401715211817815301,https://www.tiktok.com/@plannereli
