TÃ­tulo,DescripciÃ³n,ID del Video,URL,viewCount,likeCount,commentCount
Â¡El Black Friday mÃ¡s esperado de Mercado Libre ya comenzÃ³!,"Â¡Es ahora o nunca! ğŸ·ï¸ğŸ”¥ Vive el Black Friday de Mercado Libre con hasta 50% OFF y EnvÃ­os Gratis. ğŸ„ğŸ Aprovecha esta semana para tus compras navideÃ±as y recibe todo en la puerta de tu casa en menos de 48 horas.  


ğŸ›’âœ¨ Compra ya en la app y no te quedes fuera. ğŸƒâ€â™‚ï¸ğŸ’¨",9_eTnjJZkDI,https://www.youtube.com/watch?v=9_eTnjJZkDI,378329,0,0
Mercado Libre MÃ©xico - Hot Sale 2024 - MSI,,iighYGd_Ehw,https://www.youtube.com/watch?v=iighYGd_Ehw,50418499,0,0
ğŸ›’ CÃ³mo COMPRAR en MERCADO LIBRE en 2024 (pÃ¡gina oficial),"âœ… CÃ³mo comprar en MercadoLibre (tienda online) | Si quieres acceder a miles de productos y vendedores, en este vÃ­deo te enseÃ±amos el proceso para comprar en Mercado Libre.
â¤ MÃ¡s vÃ­deos de Comprar Online: https://www.youtube.com/playlist?list=PLvQ143Dn0awbeMnl2FJm-aynEzGwtXiY-



â•â•â•â•â•â•â•â•â•â•â•â• 

Â¿Te ha servido?
Agradezco tu Like ğŸ‘ y Comentario ğŸ™‚

ğŸ“¹ Secciones del Canal: https://www.youtube.com/@gabitutos/playlists?view=1&sort=dd&shelf_id=0

â•â•â•â•â•â•â•â•â•â•â•â• 

ğŸŒ Web de InformÃ¡tica:
https://tutorialesgratuitos.com/

ğŸŒ Web de EconomÃ­a:
https://midinero.info

ğŸ“§ CONTACTAR (*Solo comercial, dudas del vÃ­deo en comentarios)
âœ Mail: cloudediciones@gmail.com

â•â•â•  OTROS CANALES Y REDES  â•â•â• 

ğŸ˜ Canal GabiRandom: https://bit.ly/42Pk50q

ğŸ¥‡ Canal de Rankings APPS/WEBS: https://bit.ly/3JPovfb

âš¡ Canal Marketing y Emprendimiento:  https://bit.ly/37No2Hq

ğŸ“· Instagram (no es para soporte)
- https://www.instagram.com/gabi.mkt.digital/

â˜‘ï¸ TikTok (no es para soporte)
- https://www.tiktok.com/@gabiflorensa.mkt

â•â•â•â•â•â•â•â•â•â•â•â•â•â•â•â•â•â•â•â•â•â•â•â•â•

INFORMACIÃ“N DEL CANAL

En este canal se realizan tutoriales de todo tipo, especialmente vinculados con el mundo de informÃ¡tica, ordenadores, mÃ³viles, webs, etc. AquÃ­ encontrarÃ¡s tutoriales divulgativos sobre programas, aplicaciones y webs de diferentes tipos.

Todo el contenido mostrado y/o enlazado es siempre desde fuentes fiables y seguras.

Dentro de GabiTutos tambiÃ©n encontrarÃ¡s vÃ­deos donde profundizamos en cÃ³mo usar diferentes plataformas de inversiÃ³n en bolsa o criptomonedas, incluso brokers, CFD, entre otras plataformas de pagos online, webs o apps para ganar dinero, etc. Nunca en formato de recomendaciÃ³n, sino que de carÃ¡cter informativo.

En definitiva, GABITUTOS es un canal muy variado y completo, con diferentes colaboradores, y con muchÃ­simo contenido, dÃ³nde es muy probable que encuentras algo que te sirva.

â•â•â•â•â•â•â•â•â•â•â•â•

NOTA LEGAL

Todos los vÃ­deos de este canal son de carÃ¡cter informativo. En ningÃºn caso pretenden ser recomendaciones. Consulta con un profesional en la materia en cuestiÃ³n, para obtener recomendaciones sobre las acciones que quieras tomar.

â•â•â•â•â•â•â•â•â•â•â•â•",j0YF5YbL0Xk,https://www.youtube.com/watch?v=j0YF5YbL0Xk,121428,1039,132
Mercado Libre - F1,,Tqe4-AAVb1w,https://www.youtube.com/watch?v=Tqe4-AAVb1w,986133,0,0
Centro de distribuciÃ³n Mercado Libre - AsÃ­ funciona,"#MercadoLibre #Unocero #CeDis

En esta ocasiÃ³n nos lanzamos al Centro de DistribuciÃ³n de Mercado Libre en MÃ©xico. Se encuentra en TepotzotlÃ¡n en el Estado de MÃ©xico. Todos los productos que tengan entrega ""FULL"" en Mercado Libre se encuentran aquÃ­. 


Puedes ver aquÃ­ el video que hicimos de Amazon. https://tinyurl.com/qvzjrr2


SuscrÃ­bete a nuestro canal de videojuegos: 
https://www.youtube.com/unocerogaming


Sigue nuestras REDES SOCIALES:
WEB: https://www.unocero.com TWITTER: https://www.twitter.com/unocero FACEBOOK:https://www.facebook.com/unocerofan INSTAGRAM: https://www.instagram.com/unocerofan
TIKTOK: @Unocero


Â¡Ya tenemos mercancÃ­a!
https://www.kichink.com/stores/unocero",8eFhnpvaRB0,https://www.youtube.com/watch?v=8eFhnpvaRB0,1175995,23623,2427
CÃ³mo Comprar en Mercadolibre - ExplicaciÃ³n Completa,"Â¡Suscribete para apoyar al canal! â–¶ï¸ http://bit.ly/Suscribirse-MCSH â—€ï¸
Link al Tutorial â–¶ï¸ https://miracomosehace.com/comprar-mercadolibre/ â—€ï¸

En este video te mostramos CÃ³mo Comprar en Mercadolibre. En este canal encontrarÃ¡s los mejores tutoriales. Â¡No te lo pierdas!",ygONLOHtZ8k,https://www.youtube.com/watch?v=ygONLOHtZ8k,876807,18179,819
ğŸ˜¡âš ï¸ Mercado Libre CON ESTAFAS y SIN COMPRA PROTEGIDA âŒ Paquete FULL SIN Laptop ğŸ’»ğŸ’¥,"âš¡ UGREEN MagFlow Qi2 Cargador InalÃ¡mbrico 15W (41% OFF):
https://amzn.to/4fzzDLp
ğŸ”– Checa las ofertas del Black Friday de Ugreen (hasta 40% OFF):
https://amzn.to/4fyW7fH

ğŸ”´ Cuenta de Tiktok de la persona afectada:
https://www.tiktok.com/@s.krystel

ğŸµ SÃ­gueme en Tiktok:
https://www.tiktok.com/@rep_joe

ğŸ“© Contacto:
negociorepjoe@gmail.com

ğŸ”¸ Una usuaria de Tiktok de nombre Krystel, expone que comprÃ³ una laptop en la tienda oficial de Lenovo en Mercado Libre, una publicaciÃ³n FULL que esperaba con ansias.

ğŸ”¸ Lamentablemente como ha estado pasando Ãºltimamente en Mercado Libre, recibiÃ³ su paquete, pero en su interior NO contenÃ­a una laptop, en su lugar recibiÃ³ unos pedazos de cemento o piso.

ğŸ”¸ Al abrir reclamo con Mercado Libre, su respuesta fue automÃ¡tica, cerrando de inmediato el reclamo y dejando a la deriva su dinero.

ğŸ”´ PÃ¡gina de Facebook para que vayas a seguirme y compartir el contenido:

https://www.facebook.com/repjoeyt

ğŸ”´ Otras redes sociales del Rep Joe:

https://instagram.com/rep_joe

Mercado Libre
Estafa
Fraude
Cuidado
Entrega
Paquete
Abierto
DaÃ±ado
Roto
Bolsa
Caja
Laptop
Estafador
Palabra Clave
No entregado
Entrega Fantasma
Parte 1
Piedras

#mlsincompraprotegida #comprasegura #mercadolibre #mercadopago #reembolso #enviosgratis #enviosgratis #comprasonline #estafa #fraude #full #paqueteria #reclamos #paquetes #entrega #importados #parte1",o_VSWn9IPww,https://www.youtube.com/watch?v=o_VSWn9IPww,14825,911,238
ğŸ”´ Como comprar en Mercado Libre de forma fÃ¡cil y segura Â¡Paso a Paso!,"Â¡La guÃ­a completa para comprar en Mercado Libre!
#mercadolibre  #comprasonline #ecommerce 

ğŸ˜€Si te gustÃ³ mi canal SUSCRÃBETE!! ğŸ˜€
Me ayudas mucho y es GRATIS! ğŸ‘‰ğŸ½ http://bit.ly/MaoGeek

Link de Visor de CÃ³digo Postal
https://visor.codigopostal.gov.co/472...

00:00  IntroducciÃ³n
00:22  Servicios que ofrece Mercado Libre
01:37  SelecciÃ³n de productos y recomendaciones
06:08  Como crear una cuenta en Mercado Libre
07:28  Proceso de pago Mercado Libre
10:23  FinalizaciÃ³n del pago y opciones de rastreo
11:55  Conclusiones

SÃ­gueme en mis redes sociales:
Instagram: https://www.instagram.com/maogeek/
Facebook: https://www.facebook.com/maogeek/
TikTok: https://vm.tiktok.com/ZSJbbob3V/

Email
contacto.maogeek@gmail.com",eFhdZoYtSlM,https://www.youtube.com/watch?v=eFhdZoYtSlM,86836,1224,131
ğŸ’¥ CAJA SORPRESA de Futbol - PANINI y Tops de MERCADO LIBRE | ME SALIÃ“ MESSI Y CRISTIANO ?,"CAJA SORPRESA de Albumes y tarjetas de Futbol de MERCADO LIBRE - PANINI y Tops | ME SALIÃ“ MESSI Y CRISTIANO ?
Gracias por ver... SUSCRÃBETE !

ConviÃ©rtete en miembro de este canal para disfrutar de ventajas:
https://www.youtube.com/channel/UCQ028gOjLq5biUM6hYmFwcA/join

Mi Instagram - https://www.instagram.com/julianmz_yt/
Mi TikTok - https://www.tiktok.com/@julianmz_yt
Mi canal de TecnologÃ­a - https://www.youtube.com/@JulianMz/about",9KBzwO_LmSM,https://www.youtube.com/watch?v=9KBzwO_LmSM,286,15,2
MELI WILLIAMS,"QuÃ© nave, Franquito Orgullosos de ser partner oficial de @williamsracing y de @Francolapinto",JdbJVJ_OkV4,https://www.youtube.com/watch?v=JdbJVJ_OkV4,5111167,0,0
